strategy,trades,win_rate,net_pnl,avg_win,avg_loss,profit_factor,max_dd
Nifty|1m|S01_OpenDrive,2,100.0%,153.04,76.52,0.0,∞,0.0
Nifty|1m|S02_MorningStar,89,30.3%,-53.75,44.67,-21.82,0.92,444.84
Nifty|1m|S03_EveningStar,69,34.8%,221.05,52.42,-23.04,1.21,311.64
Nifty|1m|S04_CPR_Breakout,71,32.4%,143.51,46.8,-21.82,1.1,190.95
Nifty|1m|S05_SupplyZoneBreakout,89,31.5%,-10.22,47.01,-23.0,0.99,267.82
Nifty|1m|S06_ORB,115,35.7%,278.58,44.07,-22.6,1.14,281.39
Nifty|1m|S07_DayHighBreakout,28,35.7%,215.05,56.63,-20.39,1.63,229.92
Nifty|1m|S08_GapFilling,3,33.3%,42.78,119.3,-38.26,1.56,76.52
Nifty|1m|S09_MATrendFollow,43,32.6%,-65.16,41.57,-22.31,0.9,356.63
Nifty|1m|S10_PPT,120,31.7%,172.73,48.82,-21.35,1.1,394.32
Nifty|1m|S11_GCR,0,N/A,0.0,0.0,0.0,N/A,0.0
Nifty|1m|S12_RCR,0,N/A,0.0,0.0,0.0,N/A,0.0
Nifty|1m|S13_MPattern,102,37.3%,325.15,45.41,-22.42,1.22,379.0
Nifty|1m|S14_WPattern,117,29.9%,-96.33,43.64,-21.17,0.91,509.04
Nifty|1m|S15_ODR,1,100.0%,119.3,119.3,0.0,∞,0.0
Nifty|1m|S16_GCBO,75,29.3%,46.29,47.9,-20.59,1.0,304.85
Nifty|1m|S17_RCBO,72,25.0%,-251.12,47.34,-22.44,0.74,313.83
Nifty|1m|S18_VirginCPR,109,31.2%,3.61,47.26,-22.35,1.0,349.21
Nifty|1m|S19_GapDownRejection,0,N/A,0.0,0.0,0.0,N/A,0.0
Nifty|1m|S20_GapUpRejection,1,100.0%,119.3,119.3,0.0,∞,0.0
Nifty|1m|S21_CPRReversal,120,33.3%,95.32,41.88,-20.6,1.04,180.07
Nifty|1m|S22_ExtremeCandle,54,40.7%,174.02,45.0,-25.5,1.21,309.5
Nifty|1m|S23_SupplyZoneReversal,110,32.7%,-4.01,43.96,-22.66,0.97,401.63
Nifty|1m|S24_GapBorderRejection,130,33.1%,358.37,48.54,-21.07,1.18,265.02
Nifty|1m|S26_CounterBullTrap,0,N/A,0.0,0.0,0.0,N/A,0.0
Nifty|1m|S27_CounterBearTrap,0,N/A,0.0,0.0,0.0,N/A,0.0
Nifty|1m|S28_VReversal,71,33.8%,194.07,50.15,-21.61,1.21,287.34
Nifty|1m|S29_PowerCandlePullback,0,N/A,0.0,0.0,0.0,N/A,0.0
Nifty|1m|S30_3EMA,54,37.0%,132.4,42.7,-21.48,1.2,369.92
Nifty|2m|S01_OpenDrive,12,58.3%,365.42,97.79,-63.83,2.15,172.22
Nifty|2m|S02_MorningStar,306,26.1%,-829.32,60.0,-28.49,0.82,1081.38
Nifty|2m|S03_EveningStar,283,36.4%,1566.94,58.81,-30.14,1.27,440.49
Nifty|2m|S04_CPR_Breakout,261,31.4%,492.7,60.28,-27.42,1.1,757.08
Nifty|2m|S05_SupplyZoneBreakout,306,31.7%,462.95,58.12,-28.03,1.07,673.76
Nifty|2m|S06_ORB,299,35.8%,1135.42,54.75,-28.73,1.21,577.52
Nifty|2m|S07_DayHighBreakout,127,35.4%,160.5,60.53,-33.63,1.05,668.04
Nifty|2m|S08_GapFilling,17,29.4%,-85.59,123.99,-58.79,0.88,309.13
Nifty|2m|S09_MATrendFollow,147,29.3%,45.25,59.81,-26.57,1.02,381.26
Nifty|2m|S10_PPT,389,33.4%,1089.03,58.18,-28.49,1.15,794.14
Nifty|2m|S11_GCR,0,N/A,0.0,0.0,0.0,N/A,0.0
Nifty|2m|S12_RCR,0,N/A,0.0,0.0,0.0,N/A,0.0
Nifty|2m|S13_MPattern,354,34.5%,808.94,51.81,-26.84,1.11,410.36
Nifty|2m|S14_WPattern,368,26.1%,-1256.01,53.14,-27.06,0.77,1518.37
Nifty|2m|S15_ODR,9,33.3%,2.99,101.8,-50.4,1.01,128.72
Nifty|2m|S16_GCBO,273,33.0%,276.51,56.4,-29.04,1.05,633.87
Nifty|2m|S17_RCBO,242,28.1%,31.95,62.21,-27.18,0.97,525.68
Nifty|2m|S18_VirginCPR,376,29.3%,110.75,56.46,-26.87,0.97,917.07
Nifty|2m|S19_GapDownRejection,3,0.0%,-199.02,0.0,-66.34,0.0,155.38
Nifty|2m|S20_GapUpRejection,4,50.0%,172.74,128.4,-42.04,3.05,49.75
Nifty|2m|S21_CPRReversal,427,26.7%,-1467.38,50.31,-26.28,0.76,1660.89
Nifty|2m|S22_ExtremeCandle,189,32.8%,508.22,60.9,-29.33,1.12,426.79
Nifty|2m|S23_SupplyZoneReversal,391,29.2%,-543.25,53.91,-28.27,0.87,1054.71
Nifty|2m|S24_GapBorderRejection,443,29.6%,464.57,60.92,-27.29,1.03,808.83
Nifty|2m|S26_CounterBullTrap,1,100.0%,162.55,162.55,0.0,∞,0.0
Nifty|2m|S27_CounterBearTrap,1,100.0%,100.02,100.02,0.0,∞,0.0
Nifty|2m|S28_VReversal,219,31.5%,324.22,58.9,-28.79,1.04,447.08
Nifty|2m|S29_PowerCandlePullback,0,N/A,0.0,0.0,0.0,N/A,0.0
Nifty|2m|S30_3EMA,169,30.8%,228.4,54.46,-25.24,1.08,297.81
Nifty|5m|S01_OpenDrive,14,35.7%,357.23,119.41,-79.85,1.07,259.91
Nifty|5m|S02_MorningStar,147,21.8%,-278.73,110.2,-48.74,0.84,725.74
Nifty|5m|S03_EveningStar,131,28.2%,518.5,97.57,-50.7,1.03,525.78
Nifty|5m|S04_CPR_Breakout,127,29.1%,514.43,92.94,-47.71,1.02,559.69
Nifty|5m|S05_SupplyZoneBreakout,151,28.5%,789.66,94.79,-47.82,1.04,543.62
Nifty|5m|S06_ORB,142,26.8%,390.34,89.23,-45.11,1.02,594.51
Nifty|5m|S07_DayHighBreakout,92,30.4%,151.31,94.67,-52.17,0.96,560.85
Nifty|5m|S08_GapFilling,21,19.0%,-436.63,146.44,-80.3,0.49,699.43
Nifty|5m|S09_MATrendFollow,83,26.5%,-279.09,82.78,-46.7,0.8,647.1
Nifty|5m|S10_PPT,184,26.1%,460.45,98.6,-47.09,0.99,767.71
Nifty|5m|S11_GCR,0,N/A,0.0,0.0,0.0,N/A,0.0
Nifty|5m|S12_RCR,0,N/A,0.0,0.0,0.0,N/A,0.0
Nifty|5m|S13_MPattern,155,27.7%,-10.3,80.44,-44.88,0.87,624.16
Nifty|5m|S14_WPattern,165,23.0%,-610.14,93.61,-43.6,0.8,1028.32
Nifty|5m|S15_ODR,13,23.1%,-330.91,66.83,-81.58,0.31,542.96
Nifty|5m|S16_GCBO,132,30.3%,699.82,91.07,-44.59,1.13,544.73
Nifty|5m|S17_RCBO,118,22.9%,-200.82,105.67,-45.3,0.86,633.86
Nifty|5m|S18_VirginCPR,182,24.7%,-270.8,89.44,-45.22,0.82,874.36
Nifty|5m|S19_GapDownRejection,3,0.0%,-247.49,0.0,-82.5,0.0,188.63
Nifty|5m|S20_GapUpRejection,7,14.3%,-240.16,68.71,-81.03,0.17,354.33
Nifty|5m|S21_CPRReversal,174,31.6%,760.42,84.42,-41.8,1.12,730.71
Nifty|5m|S22_ExtremeCandle,114,26.3%,190.92,96.98,-47.99,0.9,512.34
Nifty|5m|S23_SupplyZoneReversal,193,25.4%,-394.64,91.56,-47.33,0.84,1439.15
Nifty|5m|S24_GapBorderRejection,171,34.5%,2917.09,96.4,-47.48,1.58,303.31
Nifty|5m|S26_CounterBullTrap,2,50.0%,303.76,228.71,0.0,∞,0.0
Nifty|5m|S27_CounterBearTrap,4,0.0%,-5.5,0.0,-91.05,0.0,182.1
Nifty|5m|S28_VReversal,114,25.4%,252.68,103.48,-44.91,0.98,852.94
Nifty|5m|S29_PowerCandlePullback,2,0.0%,-71.72,0.0,-35.86,0.0,20.88
Nifty|5m|S30_3EMA,83,30.1%,427.42,89.54,-40.18,1.19,523.24
Nifty|15m|S01_OpenDrive,13,23.1%,309.58,192.14,-109.94,0.87,492.06
Nifty|15m|S02_MorningStar,57,15.8%,247.63,176.97,-83.37,0.8,458.44
Nifty|15m|S03_EveningStar,60,18.3%,438.95,153.34,-88.4,0.8,702.95
Nifty|15m|S04_CPR_Breakout,53,22.6%,664.1,158.09,-90.94,0.99,505.79
Nifty|15m|S05_SupplyZoneBreakout,66,22.7%,820.56,150.5,-89.63,1.01,521.34
Nifty|15m|S06_ORB,48,12.5%,101.86,139.17,-86.49,0.6,472.47
Nifty|15m|S07_DayHighBreakout,52,19.2%,440.25,142.69,-84.04,0.89,481.12
Nifty|15m|S08_GapFilling,21,9.5%,-676.0,252.7,-115.59,0.34,997.18
Nifty|15m|S09_MATrendFollow,26,23.1%,281.71,172.79,-86.07,1.1,324.19
Nifty|15m|S10_PPT,85,21.2%,1402.35,178.25,-76.49,1.2,497.92
Nifty|15m|S11_GCR,0,N/A,0.0,0.0,0.0,N/A,0.0
Nifty|15m|S12_RCR,0,N/A,0.0,0.0,0.0,N/A,0.0
Nifty|15m|S13_MPattern,51,13.7%,-322.31,123.55,-77.38,0.49,504.89
Nifty|15m|S14_WPattern,54,20.4%,544.62,167.15,-74.68,1.07,312.46
Nifty|15m|S15_ODR,14,7.1%,-810.47,95.37,-106.07,0.1,887.21
Nifty|15m|S16_GCBO,48,27.1%,477.59,164.29,-94.59,1.08,598.3
Nifty|15m|S17_RCBO,42,9.5%,-113.78,182.74,-81.38,0.47,530.25
Nifty|15m|S18_VirginCPR,68,17.6%,-803.02,139.5,-85.02,0.6,966.25
Nifty|15m|S19_GapDownRejection,4,0.0%,-409.3,0.0,-102.32,0.0,341.87
Nifty|15m|S20_GapUpRejection,7,0.0%,-416.0,0.0,-119.99,0.0,486.5
Nifty|15m|S21_CPRReversal,52,15.4%,-507.75,164.91,-84.79,0.6,686.53
Nifty|15m|S22_ExtremeCandle,38,26.3%,867.75,183.16,-71.01,1.43,347.41
Nifty|15m|S23_SupplyZoneReversal,67,14.9%,-165.46,154.17,-79.36,0.61,589.13
Nifty|15m|S24_GapBorderRejection,78,24.4%,1995.27,153.63,-78.6,1.38,543.94
Nifty|15m|S26_CounterBullTrap,5,20.0%,-252.7,240.48,-123.3,0.49,411.56
Nifty|15m|S27_CounterBearTrap,4,25.0%,209.51,290.89,-92.86,1.57,78.14
Nifty|15m|S28_VReversal,42,9.5%,-288.77,220.6,-78.13,0.49,675.77
Nifty|15m|S29_PowerCandlePullback,3,0.0%,-163.55,0.0,-99.15,0.0,131.33
Nifty|15m|S30_3EMA,22,27.3%,699.84,155.63,-89.01,2.1,119.08
BankNifty|1m|S01_OpenDrive,2,100.0%,463.94,231.97,0.0,∞,0.0
BankNifty|1m|S02_MorningStar,80,26.2%,-615.97,130.81,-63.04,0.78,1000.67
BankNifty|1m|S03_EveningStar,78,32.1%,235.99,143.92,-65.14,1.08,830.15
BankNifty|1m|S04_CPR_Breakout,67,35.8%,547.54,137.33,-66.86,1.17,853.67
BankNifty|1m|S05_SupplyZoneBreakout,89,33.7%,296.2,131.47,-65.13,1.06,861.72
BankNifty|1m|S06_ORB,102,35.3%,981.6,139.16,-63.94,1.22,599.52
BankNifty|1m|S07_DayHighBreakout,27,40.7%,409.73,147.51,-82.54,1.31,697.36
BankNifty|1m|S08_GapFilling,3,0.0%,-393.08,0.0,-131.03,0.0,231.97
BankNifty|1m|S09_MATrendFollow,43,27.9%,-505.69,109.72,-63.8,0.69,975.21
BankNifty|1m|S10_PPT,117,31.6%,93.07,135.69,-64.47,1.0,1108.84
BankNifty|1m|S11_GCR,0,N/A,0.0,0.0,0.0,N/A,0.0
BankNifty|1m|S12_RCR,0,N/A,0.0,0.0,0.0,N/A,0.0
BankNifty|1m|S13_MPattern,92,37.0%,781.29,128.95,-65.22,1.2,875.97
BankNifty|1m|S14_WPattern,106,30.2%,-457.32,122.53,-61.5,0.89,1155.32
BankNifty|1m|S15_ODR,1,0.0%,-161.11,0.0,-161.11,0.0,0.0
BankNifty|1m|S16_GCBO,74,35.1%,625.49,129.79,-62.12,1.18,552.77
BankNifty|1m|S17_RCBO,67,28.4%,-410.35,143.04,-65.37,0.88,1135.69
BankNifty|1m|S18_VirginCPR,102,34.3%,574.94,137.89,-63.9,1.14,643.86
BankNifty|1m|S19_GapDownRejection,0,N/A,0.0,0.0,0.0,N/A,0.0
BankNifty|1m|S20_GapUpRejection,1,0.0%,-161.11,0.0,-161.11,0.0,0.0
BankNifty|1m|S21_CPRReversal,107,28.0%,-868.35,124.63,-61.71,0.81,1177.87
BankNifty|1m|S22_ExtremeCandle,53,35.8%,548.36,138.34,-66.91,1.23,422.05
BankNifty|1m|S23_SupplyZoneReversal,105,32.4%,128.71,135.85,-65.79,1.02,1062.74
BankNifty|1m|S24_GapBorderRejection,125,31.2%,7.99,134.49,-64.84,0.96,1167.94
BankNifty|1m|S26_CounterBullTrap,0,N/A,0.0,0.0,0.0,N/A,0.0
BankNifty|1m|S27_CounterBearTrap,0,N/A,0.0,0.0,0.0,N/A,0.0
BankNifty|1m|S28_VReversal,64,31.2%,103.63,145.87,-67.38,1.01,1197.3
BankNifty|1m|S29_PowerCandlePullback,0,N/A,0.0,0.0,0.0,N/A,0.0
BankNifty|1m|S30_3EMA,49,26.5%,-510.41,118.8,-61.33,0.72,1144.94
BankNifty|2m|S01_OpenDrive,8,62.5%,1001.79,306.07,-176.19,2.9,449.61
BankNifty|2m|S02_MorningStar,302,27.5%,-2081.73,159.96,-78.52,0.84,2877.23
BankNifty|2m|S03_EveningStar,285,34.4%,2728.21,153.6,-81.78,1.13,1704.44
BankNifty|2m|S04_CPR_Breakout,261,30.3%,-725.03,156.94,-78.59,0.93,1569.99
BankNifty|2m|S05_SupplyZoneBreakout,298,33.6%,1925.74,157.95,-79.62,1.11,2124.29
BankNifty|2m|S06_ORB,290,35.2%,1999.08,151.66,-80.88,1.12,1724.42
BankNifty|2m|S07_DayHighBreakout,128,32.8%,-554.41,155.7,-89.66,0.9,2393.86
BankNifty|2m|S08_GapFilling,16,12.5%,-1990.8,246.86,-177.47,0.2,2073.66
BankNifty|2m|S09_MATrendFollow,165,33.9%,1060.07,153.79,-74.41,1.15,1217.32
BankNifty|2m|S10_PPT,362,30.9%,1211.39,160.16,-79.96,1.02,2178.79
BankNifty|2m|S11_GCR,0,N/A,0.0,0.0,0.0,N/A,0.0
BankNifty|2m|S12_RCR,0,N/A,0.0,0.0,0.0,N/A,0.0
BankNifty|2m|S13_MPattern,315,34.9%,2105.53,141.63,-75.0,1.11,1535.51
BankNifty|2m|S14_WPattern,345,27.0%,-2591.05,153.78,-76.54,0.82,3403.91
BankNifty|2m|S15_ODR,12,8.3%,-1569.45,161.82,-157.39,0.09,1731.27
BankNifty|2m|S16_GCBO,252,32.5%,661.07,156.63,-79.87,1.04,1380.14
BankNifty|2m|S17_RCBO,255,27.8%,-1666.55,157.22,-76.04,0.84,3002.92
BankNifty|2m|S18_VirginCPR,331,32.0%,-877.0,140.83,-79.38,0.92,3189.92
BankNifty|2m|S19_GapDownRejection,5,20.0%,-683.22,161.82,-211.26,0.19,845.04
BankNifty|2m|S20_GapUpRejection,4,0.0%,-594.36,0.0,-148.59,0.0,491.82
BankNifty|2m|S21_CPRReversal,369,29.5%,-1360.03,147.89,-74.51,0.9,1780.31
BankNifty|2m|S22_ExtremeCandle,215,31.2%,500.92,159.92,-80.38,1.0,1553.68
BankNifty|2m|S23_SupplyZoneReversal,374,28.9%,-616.44,156.26,-78.62,0.91,2729.51
BankNifty|2m|S24_GapBorderRejection,401,29.4%,-2319.23,150.65,-80.53,0.86,3659.27
BankNifty|2m|S26_CounterBullTrap,2,0.0%,-617.13,0.0,-308.56,0.0,255.02
BankNifty|2m|S27_CounterBearTrap,1,0.0%,-198.19,0.0,-198.19,0.0,0.0
BankNifty|2m|S28_VReversal,244,25.8%,-2009.13,162.29,-78.71,0.78,2451.16
BankNifty|2m|S29_PowerCandlePullback,2,0.0%,-124.89,0.0,-62.44,0.0,77.91
BankNifty|2m|S30_3EMA,170,31.8%,153.53,141.78,-73.55,1.02,1300.05
BankNifty|5m|S01_OpenDrive,9,55.6%,1612.11,481.66,-199.04,3.02,604.72
BankNifty|5m|S02_MorningStar,154,23.4%,-2014.78,258.85,-132.15,0.77,2864.73
BankNifty|5m|S03_EveningStar,145,32.4%,2625.39,252.43,-130.56,1.2,1227.47
BankNifty|5m|S04_CPR_Breakout,120,30.8%,3046.81,260.72,-126.79,1.33,1011.42
BankNifty|5m|S05_SupplyZoneBreakout,137,28.5%,2817.47,269.94,-132.21,1.21,922.15
BankNifty|5m|S06_ORB,141,27.7%,1172.6,255.05,-121.33,1.05,1800.15
BankNifty|5m|S07_DayHighBreakout,95,27.4%,-116.72,281.03,-126.22,0.98,1614.18
BankNifty|5m|S08_GapFilling,19,10.5%,-2163.63,323.66,-230.08,0.2,2120.66
BankNifty|5m|S09_MATrendFollow,81,25.9%,-446.92,217.1,-112.28,0.85,1043.23
BankNifty|5m|S10_PPT,200,26.0%,-93.68,260.71,-132.95,0.9,2152.96
BankNifty|5m|S11_GCR,0,N/A,0.0,0.0,0.0,N/A,0.0
BankNifty|5m|S12_RCR,0,N/A,0.0,0.0,0.0,N/A,0.0
BankNifty|5m|S13_MPattern,136,28.7%,567.04,213.04,-117.29,0.96,1295.18
BankNifty|5m|S14_WPattern,165,26.7%,-451.39,223.37,-118.78,0.84,2058.53
BankNifty|5m|S15_ODR,16,12.5%,-2113.3,162.98,-204.67,0.13,2129.02
BankNifty|5m|S16_GCBO,128,27.3%,-288.15,253.77,-132.87,0.92,2371.61
BankNifty|5m|S17_RCBO,113,23.9%,162.3,267.57,-120.14,0.9,1550.07
BankNifty|5m|S18_VirginCPR,156,28.8%,2215.2,248.06,-121.85,1.1,1455.59
BankNifty|5m|S19_GapDownRejection,6,16.7%,-890.12,184.56,-214.94,0.17,830.4
BankNifty|5m|S20_GapUpRejection,6,0.0%,-925.48,0.0,-235.56,0.0,1004.13
BankNifty|5m|S21_CPRReversal,171,30.4%,1233.71,210.99,-113.72,1.0,2709.4
BankNifty|5m|S22_ExtremeCandle,111,32.4%,2874.08,242.02,-134.88,1.22,1593.83
BankNifty|5m|S23_SupplyZoneReversal,197,22.8%,-3096.32,227.02,-124.22,0.69,3495.87
BankNifty|5m|S24_GapBorderRejection,193,29.0%,2452.64,250.98,-131.3,1.04,2142.66
BankNifty|5m|S26_CounterBullTrap,4,75.0%,1395.33,461.43,0.0,∞,0.0
BankNifty|5m|S27_CounterBearTrap,6,0.0%,-996.29,0.0,-214.16,0.0,856.64
BankNifty|5m|S28_VReversal,110,19.1%,-2449.96,257.64,-122.24,0.61,3009.25
BankNifty|5m|S29_PowerCandlePullback,0,N/A,0.0,0.0,0.0,N/A,0.0
BankNifty|5m|S30_3EMA,90,33.3%,1492.34,230.92,-111.76,1.22,966.31
BankNifty|15m|S01_OpenDrive,8,37.5%,1810.21,710.87,-305.12,2.33,732.8
BankNifty|15m|S02_MorningStar,66,10.6%,-2402.46,393.94,-220.6,0.35,3024.67
BankNifty|15m|S03_EveningStar,60,16.7%,-183.97,379.22,-226.93,0.67,2209.78
BankNifty|15m|S04_CPR_Breakout,51,21.6%,3417.92,493.74,-216.11,1.32,937.26
BankNifty|15m|S05_SupplyZoneBreakout,61,23.0%,3205.79,471.82,-223.26,1.23,1141.27
BankNifty|15m|S06_ORB,49,16.3%,1149.12,368.36,-208.04,0.79,1253.47
BankNifty|15m|S07_DayHighBreakout,48,18.8%,1664.37,377.08,-218.97,0.82,1561.93
BankNifty|15m|S08_GapFilling,19,10.5%,-2267.42,439.6,-320.09,0.23,2564.61
BankNifty|15m|S09_MATrendFollow,26,26.9%,2610.99,534.06,-179.66,2.6,592.06
BankNifty|15m|S10_PPT,92,17.4%,694.25,398.68,-207.76,0.73,1685.32
BankNifty|15m|S11_GCR,0,N/A,0.0,0.0,0.0,N/A,0.0
BankNifty|15m|S12_RCR,0,N/A,0.0,0.0,0.0,N/A,0.0
BankNifty|15m|S13_MPattern,48,20.8%,1036.64,305.17,-184.66,0.92,788.4
BankNifty|15m|S14_WPattern,53,9.4%,-1445.46,398.96,-206.47,0.35,1721.56
BankNifty|15m|S15_ODR,17,17.6%,-1726.85,274.11,-265.53,0.31,2394.41
BankNifty|15m|S16_GCBO,53,17.0%,-476.09,464.29,-240.86,0.69,2204.0
BankNifty|15m|S17_RCBO,43,11.6%,578.86,491.55,-228.34,0.67,1086.31
BankNifty|15m|S18_VirginCPR,75,13.3%,-3913.75,412.94,-223.13,0.45,4114.92
BankNifty|15m|S19_GapDownRejection,6,16.7%,-509.58,294.13,-253.02,0.39,621.26
BankNifty|15m|S20_GapUpRejection,6,0.0%,-1116.37,0.0,-316.79,0.0,1268.92
BankNifty|15m|S21_CPRReversal,65,18.5%,995.67,390.74,-179.98,0.81,1380.42
BankNifty|15m|S22_ExtremeCandle,35,20.0%,-84.08,403.45,-218.1,0.86,2406.81
BankNifty|15m|S23_SupplyZoneReversal,71,12.7%,-2969.31,377.46,-211.92,0.41,3291.18
BankNifty|15m|S24_GapBorderRejection,90,17.8%,-442.9,405.94,-214.04,0.72,3056.96
BankNifty|15m|S26_CounterBullTrap,9,11.1%,-905.83,595.52,-282.55,0.53,1070.42
BankNifty|15m|S27_CounterBearTrap,7,0.0%,-825.74,0.0,-262.48,0.0,789.49
BankNifty|15m|S28_VReversal,45,8.9%,-2357.56,342.57,-213.38,0.26,2997.56
BankNifty|15m|S29_PowerCandlePullback,3,33.3%,-222.01,270.36,-246.18,0.55,492.37
BankNifty|15m|S30_3EMA,30,16.7%,433.33,439.13,-211.55,0.8,1008.58
