date,composite_li,nifty_close
2024-05-14,0.8003415970915311,22837.24
2024-05-15,0.7405884017817784,22855.86
2024-05-16,1.1156737079393124,22577.29
2024-05-17,1.5742381603163405,22165.52
2024-05-20,1.0820464592717427,22455.79
2024-05-21,-1.0390357281860754,23586.87
2024-05-22,-0.48811665275657345,23221.04
2024-05-23,-0.203268841323501,23113.19
2024-05-24,-1.1473761129565971,23621.08
2024-05-27,-0.7748695594498465,23328.55
2024-05-28,-0.6578431904358772,23297.46
2024-05-29,-0.5419437274806339,23231.13
2024-05-30,-1.128611724148538,23576.88
2024-05-31,-1.2781280966087865,23686.0
2024-06-03,-1.1873724710127267,23686.0
2024-06-04,-1.4765401181192943,24157.82
2024-06-05,-1.661588943113918,24522.99
2024-06-06,-1.461068223482012,24525.51
2024-06-07,-1.1328218936315846,24394.18
2024-06-10,-1.2618208485975058,24593.83
2024-06-11,-0.9004943092639852,24351.37
2024-06-12,-0.7112691605697452,24287.49
2024-06-13,0.15590875213933728,23856.36
2024-06-14,0.35320444484555086,23830.73
2024-06-17,-1.2125398424172693,24740.81
2024-06-18,-1.061729049168557,24752.93
2024-06-19,-0.7293991471679485,24633.25
2024-06-20,-1.0910304167515514,24934.35
2024-06-21,-1.2071524821192547,25087.08
2024-06-24,-0.4413365541916733,24674.43
2024-06-25,-0.9759556919182165,25013.22
2024-06-26,-0.8344123348260427,24968.37
2024-06-27,-0.4303278010303306,24741.22
2024-06-28,-0.7216544198815131,24951.0
2024-07-01,-0.5630308222409899,24951.0
2024-07-02,1.5105862938386685,23823.55
2024-07-03,0.9315971467714185,24295.22
2024-07-04,1.0959108665868054,24156.5
2024-07-05,1.8188583317095348,23370.79
2024-07-08,1.834082332117837,23252.78
2024-07-09,1.7600105636323806,23314.51
2024-07-10,1.5177068037648596,23482.29
2024-07-11,1.5146904677431368,23417.37
2024-07-12,1.5267543692496583,23392.49
2024-07-15,1.3099926992253021,23580.02
2024-07-16,1.8525908444009955,22590.41
2024-07-17,1.7844657521860403,22711.86
2024-07-18,1.2616844946033443,23322.22
2024-07-19,0.3596747311957423,23817.5
2024-07-22,0.10632034582490094,23940.8
2024-07-23,0.06736164176670205,23943.25
2024-07-24,-0.8657927945962102,24458.41
2024-07-25,-1.1584916154264802,24738.39
2024-07-26,-1.0853719268050133,24671.49
2024-07-29,-0.3560623632164146,24155.83
2024-07-30,-0.8439145360653042,24409.44
2024-07-31,-1.5057980327350429,25235.0
2024-08-01,-1.4270678342426355,25235.0
2024-08-02,-1.4091059005224469,25641.92
2024-08-05,-1.4220147479293663,25800.69
2024-08-06,-1.2882122300901346,25679.18
2024-08-07,-1.2015033782438194,25755.48
2024-08-08,-1.2890059749231497,26015.06
2024-08-09,-1.4144368360520063,26374.26
2024-08-12,-1.1060230698117934,25975.45
2024-08-13,-0.270262286009932,25407.97
2024-08-14,-0.22783026365418638,25508.75
2024-08-15,0.030029360744410663,25385.82
2024-08-16,0.8076380688685599,24874.41
2024-08-19,0.9832507458826948,24835.91
2024-08-20,1.2458419596839936,24648.71
2024-08-21,0.8121740780402602,24979.56
2024-08-22,0.7740168302414174,25037.42
2024-08-23,0.41424599805756585,25309.41
2024-08-26,-0.7261718922461512,25965.11
2024-08-27,-1.4651150485226156,26809.93
2024-08-28,-0.6986905749225255,26075.71
2024-08-29,-0.5705449271224501,26048.05
2024-08-30,-0.7743929128205321,26178.0
2024-09-02,-0.7336900272731538,26178.0
2024-09-03,-0.8287432390794973,26278.41
2024-09-04,-0.9179539199864505,26388.27
2024-09-05,-0.03490448782838608,25915.56
2024-09-06,0.6133278203094702,25521.83
2024-09-09,0.884002065171289,25381.82
2024-09-10,0.9596723328271327,25407.21
2024-09-11,-0.05947364533849677,25959.44
2024-09-12,-0.03825846259163911,25960.18
2024-09-13,0.34225685806751555,25784.81
2024-09-16,0.8358308325362248,25433.36
2024-09-17,1.2288822606172205,25165.71
2024-09-18,1.5870048995421975,24886.66
2024-09-19,1.9034735649700667,24414.48
2024-09-20,1.8521482698036016,24352.45
2024-09-23,1.4830509795508198,24691.24
2024-09-24,1.6029306242617234,24512.22
2024-09-25,2.0837651056837543,23298.32
2024-09-26,1.9441588753905241,23558.64
2024-09-27,1.9009050707692783,23525.32
2024-09-30,1.651029224407828,23911.0
2024-10-01,1.5829385815737276,23911.0
2024-10-02,1.6342946954727449,23771.59
2024-10-03,1.584922019775956,23729.99
2024-10-04,1.420874902039914,23840.31
2024-10-07,1.3518804429508184,23882.89
2024-10-08,0.9108664544425306,24091.04
2024-10-09,-0.298652795234547,24698.03
2024-10-10,0.36247262806128516,24358.84
2024-10-11,1.7113974373253644,23184.74
2024-10-14,1.8191637831079277,23023.91
2024-10-15,1.9188062119719465,22609.81
2024-10-16,1.8672258152217318,22604.74
2024-10-17,1.860029916296149,22439.67
2024-10-18,1.6657417319522538,22703.85
2024-10-21,1.541517884738172,22793.12
2024-10-22,1.1660265711988986,23130.73
2024-10-23,1.3251792055165863,22963.86
2024-10-24,1.092668806329559,23108.32
2024-10-25,0.8491283866559964,23236.88
2024-10-28,1.2856921331187774,22794.04
2024-10-29,1.0622071743834738,22932.58
2024-10-30,0.7228718076740606,23137.73
2024-10-31,-0.33239166877389015,23644.0
2024-11-01,-0.2802203307711155,23644.0
2024-11-04,0.08969620922025047,23398.37
2024-11-05,0.5691892477745997,23141.78
2024-11-06,0.6984196708070642,23004.38
2024-11-07,0.52889006623408,23111.54
2024-11-08,0.9028069220615113,22875.59
2024-11-11,0.6534534918433839,23024.48
2024-11-12,0.3119437966249325,23191.29
2024-11-13,1.0486979073707399,22783.9
2024-11-14,0.7691260774747214,23021.74
2024-11-15,-0.5939753207073786,23631.0
2024-11-18,0.10642447394001116,23267.45
2024-11-19,-0.026166504859696352,23369.82
2024-11-20,-1.0741906421988805,23963.02
2024-11-21,-0.8604942061622445,23949.73
2024-11-22,-0.14593043897472815,23544.24
2024-11-25,0.016157985513397713,23512.38
2024-11-26,0.0031678119304806153,23540.48
2024-11-27,-0.5902944146032681,23864.17
2024-11-28,-0.44735951884326114,23804.31
2024-11-29,-0.06602482433820402,23645.0
2024-12-02,-0.06482743220352281,23645.0
2024-12-03,-1.0279296597072254,24199.35
2024-12-04,-1.5325979223738984,25034.73
2024-12-05,-1.6340429339816938,25486.36
2024-12-06,-1.402269756342867,25149.65
2024-12-09,-1.1199798750031862,24872.02
2024-12-10,-1.3344632998248416,25216.21
2024-12-11,-1.1775713928245992,25136.47
2024-12-12,-0.6668971538326509,24766.7
2024-12-13,-0.08458248790787194,24484.56
2024-12-16,-0.09732219014102061,24538.99
2024-12-17,0.09167982032976266,24494.2
2024-12-18,0.24937152976341365,24475.55
2024-12-19,0.9409950226962729,24008.33
2024-12-20,1.2193264831464792,23800.35
2024-12-23,1.5561998780253452,23244.81
2024-12-24,1.648801079020209,22803.09
2024-12-25,1.5262414241570104,23001.08
2024-12-26,1.4319524830871475,23062.9
2024-12-27,1.349588608428536,23119.23
2024-12-30,1.545851034585723,22710.45
2024-12-31,1.176650767067,23163.0
2025-01-01,1.0920441543662964,23163.0
2025-01-02,1.0542820625690401,23104.51
2025-01-03,1.000556183180112,23075.24
2025-01-06,0.5844315110699226,23342.3
2025-01-07,0.4525226231668804,23332.3
2025-01-08,0.41812318596252257,23249.97
2025-01-09,1.0200245580805294,22809.02
2025-01-10,0.9460049746765349,22836.64
2025-01-13,0.15297441930196237,23313.31
2025-01-14,0.20320841772224085,23383.7
2025-01-15,-0.16622931006783398,23532.82
2025-01-16,0.15711131365588688,23341.01
2025-01-17,0.9486168052404733,22889.31
2025-01-20,0.8187497401342682,23004.04
2025-01-21,1.2658352035683031,22692.32
2025-01-22,1.498706280521193,22348.26
2025-01-23,1.2432425801357099,22490.8
2025-01-24,0.3561799529942963,23047.65
2025-01-27,0.8590976745536917,22731.79
2025-01-28,0.9499758847447731,22685.03
2025-01-29,1.0105541106233886,22620.66
2025-01-30,1.0567854761662918,22557.26
2025-01-31,1.394100422003618,22124.0
2025-02-03,1.356893606597156,22124.0
2025-02-04,1.2799890951855655,22047.78
2025-02-05,1.15425031943341,22086.42
2025-02-06,1.112464366663593,22091.58
2025-02-07,0.8634333691687482,22304.41
2025-02-10,-0.6610989597938934,23250.88
2025-02-11,-1.4115087725406308,24022.29
2025-02-12,-1.159980816468245,23729.6
2025-02-13,-0.6311338249072235,23324.46
2025-02-14,-0.27928502700780594,23098.8
2025-02-17,-0.10301680860927002,23000.45
2025-02-18,-0.08780620233426091,22985.5
2025-02-19,-0.21210202401126504,23098.58
2025-02-20,-0.05455843845758271,23007.27
2025-02-21,0.3269862647198151,22774.94
2025-02-24,0.6762391743608661,22655.8
2025-02-25,0.6940575145476752,22686.29
2025-02-26,-0.1477263189132396,23222.04
2025-02-27,-0.18840581699562353,23267.27
2025-02-28,-0.5198701235339589,23519.0
2025-03-03,-0.48562467632693357,23519.0
2025-03-04,-0.5576149639176977,23534.49
2025-03-05,-0.25858561823912135,23417.78
2025-03-06,-1.439404023219504,24305.61
2025-03-07,-1.164555003895668,24032.5
2025-03-10,-1.1031433796843324,24153.12
2025-03-11,-1.1232911509604608,24204.69
2025-03-12,-0.5646295962566321,23877.2
2025-03-13,0.008972191037117903,23567.05
2025-03-14,-0.6524436289753444,24010.82
2025-03-17,-0.7150436326869997,24084.82
2025-03-18,0.9220681813998851,23180.21
2025-03-19,-0.12397459309478599,23924.29
2025-03-20,-0.07874251574530473,23968.3
2025-03-21,-0.898522687948792,24494.6
2025-03-24,0.19673209792082055,23909.55
2025-03-25,-0.25002209595729713,24202.8
2025-03-26,-0.11420821868848226,24103.72
2025-03-27,1.3698405766692066,23029.1
2025-03-28,0.7352963375717761,23670.87
2025-03-31,0.1828895152110025,24039.0
2025-04-01,0.03435062750296958,24039.0
2025-04-02,-0.1847413221842547,24224.95
2025-04-03,-0.0033019571419754925,24114.63
2025-04-04,0.640650390055414,23754.21
2025-04-07,0.5022357726098418,23798.48
2025-04-08,0.25134208252125373,23972.46
2025-04-09,0.03864237007699543,24059.1
2025-04-10,0.07755852887386257,23944.13
2025-04-11,0.24883045682552735,23905.53
2025-04-14,-0.011056604895471842,24034.67
2025-04-15,0.72131211556297,23638.78
2025-04-16,1.4804058221455265,22969.71
2025-04-17,1.3184083954679249,23152.84
2025-04-18,0.9258999174286442,23396.78
2025-04-21,0.9915187279711662,23310.32
2025-04-22,1.1205472714737166,23170.33
2025-04-23,0.8659896674403907,23327.55
2025-04-24,0.0844834682501536,23790.98
2025-04-25,0.35269479919020824,23616.13
2025-04-28,-0.5190739298603754,24088.72
2025-04-29,-1.6723996217739088,25179.82
2025-04-30,-1.3546049602467651,24750.0
