,1,2,3,4,5,6,7,8,9,10,11,12,13,14,15,16,17,18,19,20,21,22,23,24,25,26,27,28,29,30
ret_1d,0.01933575574984606,-0.012749601734434037,-0.024543542632539,-0.04563470057850012,-0.03670435425810208,-0.02320178104059222,-0.022348514978109097,-0.03445669154280501,-0.040669677228061134,-0.055157894898097456,-0.0472110609436491,-0.04423064267534269,-0.06892416186887777,-0.08007673229428854,-0.0820900090248627,-0.07825590420255982,-0.08684358056194935,-0.09418491092342857,-0.08355717596835328,-0.079707963657777,-0.07876757368805025,-0.08353495745637408,-0.08770468174781161,-0.08255881011177874,-0.08923376343117978,-0.08837276216365815,-0.07142582418397354,-0.06791516094043043,-0.06772032848444097,-0.055442103838469835
ret_3d,-0.054204179350113964,-0.09371698856668362,-0.10016764311490281,-0.0918171057488546,-0.08909067519349315,-0.09343068458944685,-0.10592818134141864,-0.12119816758727722,-0.12207705650818297,-0.11751502705819743,-0.1290862201798292,-0.1465015536839803,-0.16484983191039132,-0.17359582543682045,-0.18003882987789654,-0.187860938985817,-0.19012893561962182,-0.18392151332023454,-0.1736998128884841,-0.1738854864884788,-0.1749965170786044,-0.17610337290921635,-0.1770522747704904,-0.17425931385660576,-0.1647073991958848,-0.15362227771080803,-0.1487058948197942,-0.1430952225244879,-0.12816383279672378,-0.11810126392989646
ret_5d,-0.06167333187431351,-0.07996729308298567,-0.09087831573744125,-0.1047762643019069,-0.10541449873747172,-0.11930026383280387,-0.12810004666458194,-0.1322697939454166,-0.14725638464284832,-0.16350423354370835,-0.1790878448229227,-0.19349731222993968,-0.21416503780172177,-0.23101938822969953,-0.2361269889158035,-0.23384818563795343,-0.23279433518778508,-0.22966694645088465,-0.22257844964745388,-0.2195589032086946,-0.2198357042483105,-0.2189809561797311,-0.20870994076623775,-0.19982454080435302,-0.1942632610122939,-0.18446410965318416,-0.16908540910908917,-0.158268639681796,-0.1483987481998015,-0.14476511534463937
ret_10d,-0.08539531839392181,-0.10710081083234925,-0.12212490480910305,-0.1429527824341852,-0.16500041360077297,-0.1838232722596293,-0.197915613362989,-0.21657803461686115,-0.23962659189135999,-0.2515775912769521,-0.2617409226875862,-0.27079821804806636,-0.28098960214605384,-0.28544629183398346,-0.28580164946436193,-0.28321925630732014,-0.28458496021441804,-0.27687419280443354,-0.26243201580053577,-0.2583403125686009,-0.2515884062807444,-0.24192537058123625,-0.2319423949084523,-0.22295946702278846,-0.21668385222149425,-0.20799846563186095,-0.19648139916194887,-0.18910568842217593,-0.18519405100504216,-0.18198337410492663
ret_20d,-0.11129707974802132,-0.1482806184521045,-0.17141300111277047,-0.18587132873327597,-0.19753627324788745,-0.2103444551131869,-0.22229529278235124,-0.22521486095632093,-0.22973840492410097,-0.233242142985333,-0.2324370242064185,-0.23034980087716886,-0.23292968104671058,-0.22362523829857195,-0.21650648151926113,-0.2080532265552329,-0.19926600278048884,-0.19420332585078529,-0.18311459413269426,-0.1799079336096252,-0.18192184376904097,-0.18305392791564076,-0.1859958983159022,-0.18988257288977317,-0.18835793126321349,-0.18656238544129972,-0.184437425086014,-0.18789214585803848,-0.19581214934804206,-0.1984416582903056
ret_60d,-0.0768309412934174,-0.10933885185631256,-0.13574986381033166,-0.1496163439489054,-0.15866097346917074,-0.1695442084425446,-0.1799603639953018,-0.18912295806803217,-0.19508729976029493,-0.19502513324294118,-0.1966298240700093,-0.20219361820608509,-0.2084447521361118,-0.2119618688415706,-0.2108788668451021,-0.20719784554947213,-0.20391997744313975,-0.2002089109158319,-0.19575775803451637,-0.193787722198074,-0.1968182045192144,-0.19662511865452276,-0.19808761062476762,-0.19856421366072705,-0.19546677142529126,-0.19172191899907182,-0.18927282296643586,-0.18838393763488231,-0.18740342239279914,-0.1812716253831486
price_vs_sma10,-0.06474488896861982,-0.10025380104599503,-0.11906689299583849,-0.13157917855927231,-0.1334535134339754,-0.14457194585687697,-0.15894718640661318,-0.17489160983350438,-0.19077470294986082,-0.205310013289001,-0.22069916274381202,-0.238764060993465,-0.25883709989702103,-0.2682563186242258,-0.2722481675324047,-0.27050350000271506,-0.27135161766366395,-0.26752538161463196,-0.2572770345819322,-0.25234348389267436,-0.24867117561208119,-0.24639022608395122,-0.24023804991669018,-0.23294395186833128,-0.22219216692309277,-0.20989451439753087,-0.19660306799762417,-0.18763690457645124,-0.18093228183752097,-0.17342894533130637
price_vs_sma20,-0.09783996285213885,-0.14169393560518637,-0.17035028989694734,-0.1906382167069392,-0.20623855633765134,-0.22146775481162795,-0.23607935297734303,-0.2524161913797594,-0.26754908408267036,-0.27751810364725327,-0.28697693304539545,-0.29888903504758424,-0.31189385414573056,-0.3165895638371617,-0.3148569914539039,-0.3080783223380139,-0.30514821439013834,-0.2976113421330869,-0.28249625410646917,-0.2713940087320568,-0.2622975041571735,-0.25541268700201797,-0.2495933446331656,-0.2467379520428284,-0.23987061563874804,-0.23080913854945878,-0.22052164950014153,-0.2147827203087367,-0.21453854164402714,-0.2143768781436319
price_vs_sma50,-0.10494976821384959,-0.14877623729023778,-0.1816876792030525,-0.19710943193240252,-0.20820972197785037,-0.22652279780527695,-0.2432859987383222,-0.2540054735582445,-0.26541997064781503,-0.27124981492828615,-0.27612596637404924,-0.2847354468717638,-0.29248721513592374,-0.2951984707320598,-0.2908905706679515,-0.2838488794913343,-0.28042245197879423,-0.2750885254158646,-0.26652542836020976,-0.26018944093442975,-0.25748851334200473,-0.2562550392129447,-0.257282457669078,-0.2589531167496795,-0.25640519264969874,-0.2515010774082005,-0.24682721612495387,-0.24661682995903336,-0.2500925968796176,-0.2504023937681655
price_vs_sma200,-0.07126015149439718,-0.10036839719266387,-0.125823353809219,-0.14230092553378004,-0.14866912853592243,-0.1584201149331037,-0.17035389172203041,-0.17900054923189038,-0.18552810922116128,-0.18814029718987946,-0.19028182134069252,-0.19733476798244834,-0.20159512908044558,-0.20375539287878544,-0.20479304148928074,-0.20484519289187128,-0.20403502692953185,-0.1995174971187843,-0.19570205549087422,-0.19338064624186826,-0.1929548690333654,-0.19482860799006588,-0.19864386148730534,-0.20156088344617046,-0.19934712925213807,-0.19707763785166985,-0.19600939766264996,-0.19807314990072347,-0.19948037420707185,-0.1992257617953106
ema9_vs_ema21,-0.11278748200074432,-0.14876032360269173,-0.1759050968654895,-0.19137712784754196,-0.20950795204959377,-0.23003576805224543,-0.24285787120070648,-0.2501910826121054,-0.2608324437074699,-0.26708257505218697,-0.2725549970241573,-0.27525440215110886,-0.2741251752488733,-0.2693923176727046,-0.2614392722697625,-0.2518706041599576,-0.24429724628448682,-0.2355854070111143,-0.228485036094199,-0.22253642977820723,-0.2197179638701604,-0.21770265255446344,-0.21747143108956868,-0.21946524998981404,-0.21680558940599856,-0.21432833652699082,-0.2125222800618593,-0.21397573843397288,-0.22082851600815576,-0.2262719553984341
ema21_vs_ema55,-0.06257288860812477,-0.08943504223416517,-0.11252289843862462,-0.12466344500672205,-0.13372525142004657,-0.143098892043818,-0.15341854352297335,-0.15896361735975723,-0.16345694093811589,-0.1642495400242052,-0.1637156574764844,-0.1659016486514838,-0.16606421909522276,-0.166452118961283,-0.16536223686543566,-0.16395285338538498,-0.16395219281694742,-0.16286978371002767,-0.16448272466131272,-0.16447410663681755,-0.16643642987657317,-0.1703363473629274,-0.17702289540588884,-0.18261542289021557,-0.18407397810310333,-0.1849323257446073,-0.18665330234614042,-0.18956166617133235,-0.1930621426809817,-0.19445804500205313
ema50_vs_ema200,-0.02908176903100587,-0.0417288629600138,-0.05666291796926663,-0.06820520829576875,-0.07401652108301462,-0.07864424850654636,-0.08546651912922958,-0.0911405557494721,-0.09550432851072599,-0.09883086138721484,-0.10053134552188833,-0.1055458232153698,-0.10715927270499415,-0.1109071910788372,-0.11613052791622668,-0.12147034925969351,-0.12242235784433034,-0.12222129276982015,-0.12567724547167222,-0.12910590902718452,-0.13302208710967206,-0.1377628276089299,-0.14451545850790748,-0.1491397441454036,-0.15051257617842595,-0.15330797544925542,-0.15643582311699963,-0.15952516984265003,-0.16113444910737793,-0.16192149280122645
macd_hist,-0.07941553209359209,-0.10702015087182086,-0.12367084435675217,-0.13851190630837756,-0.1535992538920965,-0.17014671992198593,-0.183961208058795,-0.19864383593175536,-0.21278732368970746,-0.22406918681314406,-0.23714433535739612,-0.2470668558391066,-0.2531408437565491,-0.25320474429624495,-0.2506302354975425,-0.24509552649222704,-0.24180016487091374,-0.23275006400176212,-0.22000784434270027,-0.21068055188304943,-0.20128718462004133,-0.19246845278772434,-0.1821794247059533,-0.17566651007617007,-0.16765923160106216,-0.1609356644007269,-0.15467739614103374,-0.14759630081770772,-0.14437248592721086,-0.14548502850707556
macd_vs_signal,-0.024653428817408507,-0.028778082431169354,-0.040965070669601165,-0.04280430698182093,-0.0541810978771904,-0.059006359659026494,-0.07082723328701264,-0.0696646502480444,-0.07114399239799679,-0.062839423261948,-0.06546230219500233,-0.07907992279845018,-0.08311114392844295,-0.08312806494456874,-0.08368970097810756,-0.07306228815109317,-0.0713392448624367,-0.06547529510308436,-0.059521745477679855,-0.05411217467847999,-0.05758432090320001,-0.06204223931441628,-0.06475609821473668,-0.059672623877686654,-0.04961712894793729,-0.04138596662024518,-0.03422103205326046,-0.02200751509689912,-0.015691223620780622,-0.01910905670229819
rsi_7,-0.05637540179094087,-0.09261097260056825,-0.11002270697102882,-0.12750443562807925,-0.13105832920525043,-0.13711312450722557,-0.15358095416655754,-0.17162897833515184,-0.18758251223241218,-0.19781441472357167,-0.21290248439074597,-0.23160759987464202,-0.24295133047565315,-0.24706869058977984,-0.2455133404107863,-0.24228003713953955,-0.2426842447436274,-0.2387959417493419,-0.2332027939482297,-0.22959182195092276,-0.22305674730077105,-0.21621367529683083,-0.21331313644136368,-0.2074793333305337,-0.19595268447738426,-0.18666340060221842,-0.171999599606548,-0.16747076214976453,-0.16253943634875725,-0.15552074237057487
rsi_14,-0.11052303588099742,-0.1493301961080174,-0.1738404702564626,-0.19417974329602936,-0.2144801720369343,-0.22733413601456184,-0.23916355735338776,-0.24745765400380135,-0.2568311018915536,-0.2620234303397719,-0.26802374190144324,-0.2767224647247617,-0.2846631928102834,-0.28196867882841564,-0.2768452070476548,-0.27344422181424793,-0.2701197068167439,-0.25856158015682185,-0.2445616450917294,-0.22920741782331308,-0.22216253613885537,-0.2163536351099027,-0.21092100021763252,-0.2111339395231114,-0.2040453243661475,-0.1974280281511187,-0.19131846083689344,-0.18841650482185734,-0.1909121364454024,-0.1914839598534113
rsi_21,-0.09861561333167924,-0.13800804306177353,-0.16285183280948543,-0.1733875287356738,-0.18660315990013074,-0.2009414221900908,-0.2031955471711333,-0.20624458547804686,-0.21727724210414778,-0.21743909346516788,-0.21520067601422363,-0.21650943426724278,-0.21390326516217809,-0.21177732438256633,-0.20683817061622495,-0.1986515177607521,-0.19649741212391214,-0.18962118794219343,-0.18101289726706665,-0.17982491347068857,-0.18105239525783556,-0.18299727651323622,-0.1849998829145692,-0.1893451120616344,-0.1886193280428334,-0.18843477373746775,-0.18546299005768846,-0.18726436513482622,-0.19255384271195214,-0.19429347310311568
rsi_divergence,-0.04185060100712205,-0.05345537969589709,-0.057964896065176574,-0.07157620696007398,-0.0793414194367068,-0.08424042239576314,-0.08670686304470215,-0.08892998760218307,-0.10369222937038061,-0.11903209701603548,-0.13029908040952567,-0.1461312641167911,-0.16622450347381915,-0.17147681854534277,-0.1765999593902539,-0.1777449313308954,-0.17871204816238995,-0.1732889418535093,-0.1656768257436197,-0.1596686009331161,-0.16183441903599516,-0.15920910828843696,-0.14725417625261353,-0.1357258433769422,-0.12541433279893574,-0.11588788541341699,-0.1066258467152564,-0.10020393165750961,-0.09474237343225698,-0.0959685596270873
stoch_k,-0.07947694876915784,-0.12270870176189723,-0.14729537344800772,-0.16335050708976537,-0.17218786561069252,-0.18720535453080078,-0.20615381165626442,-0.22206751709253103,-0.23318621406666323,-0.23963122814930157,-0.24858469820129558,-0.2598231540610395,-0.27733919738005824,-0.286625126989866,-0.28912362582739265,-0.2865179765868055,-0.28695034386660884,-0.2806476889260527,-0.2670767041141955,-0.2549788099017704,-0.24365465961780697,-0.23664720611677728,-0.23064436688016107,-0.22570027431849934,-0.21765738944824384,-0.20929640234981295,-0.20029820704291068,-0.19568749376317848,-0.19219813155999993,-0.18630220317204277
stoch_d,-0.09638529639151647,-0.12750841183969008,-0.1449712762735654,-0.15931686462318242,-0.1788470867752371,-0.20060649105412903,-0.21699671323381797,-0.22777270222065102,-0.236597377338109,-0.2451506078662624,-0.2597159825792156,-0.2721169174396494,-0.28018562656596346,-0.2831155651482679,-0.2832607973568029,-0.2790152218242243,-0.2741710860788007,-0.26344892130809855,-0.24932441410798942,-0.23681870794765306,-0.2270073114180382,-0.22051782753341134,-0.21469941417987873,-0.21075375351304626,-0.20291748380784902,-0.1979465160298653,-0.19364435485604337,-0.18666788509418986,-0.18327014494731259,-0.1851801995183037
stoch_kd_cross,0.017119398704449448,-0.012002277460943659,-0.026148280712042726,-0.030238331211921925,-0.006162668086325489,0.005344199609492825,0.0016028766151349263,-0.013853629097955577,-0.01951044657066356,-0.022334323001933092,-0.012621494392021416,-0.01046532960754205,-0.034642585896423085,-0.04965564436440136,-0.053878493284335485,-0.053148252726349175,-0.06599454884308723,-0.0720270845488419,-0.06800097512711671,-0.06619400334570344,-0.06208474465912237,-0.06325281100711455,-0.06522488932867143,-0.06129671350003399,-0.06264127021220979,-0.05711012021841864,-0.045360565476876426,-0.05288184958177756,-0.05103298339697416,-0.031186440187565556
williams_r,-0.07949043318134413,-0.12270379960382272,-0.1472768857584367,-0.16337730876326578,-0.17221180557945218,-0.1872297490432095,-0.20618390239522277,-0.2220915448232201,-0.23315368006821044,-0.23961433522711373,-0.2485528615090111,-0.25978593842793024,-0.2772694924632159,-0.28658754924207963,-0.28910388276059285,-0.28648538376893157,-0.2869018583283996,-0.2805860726032707,-0.26703848511868006,-0.2549447981851292,-0.2436305452286465,-0.23664378773629527,-0.2306533701858296,-0.22570421440938762,-0.2176817439519111,-0.2093173841236895,-0.20031521427055968,-0.1956949677666453,-0.192224133258672,-0.18633486884724929
cci_20,-0.10587626026651505,-0.14863890750060513,-0.16979638774584843,-0.1841516658942391,-0.1960705082241521,-0.20906636025139957,-0.22407657152689464,-0.23834041322171495,-0.2511350298018675,-0.2594059276218516,-0.2714918205549231,-0.28640007599632183,-0.300071467476241,-0.3031646768431772,-0.3008824694898083,-0.29552629719046625,-0.2911700348263089,-0.2827077769196362,-0.27145057668956596,-0.26394179972803306,-0.2595335714665157,-0.25686116130405146,-0.2547614830635487,-0.25257396758577,-0.2447738274323655,-0.2355144240586805,-0.2281540530668851,-0.22167315388350592,-0.22045839165464554,-0.21983612306063735
bb_pct,-0.0967117970439281,-0.14410926247687889,-0.16801858948127144,-0.18529327441725085,-0.19514680535411894,-0.20510133355022336,-0.21958191992400955,-0.23525218931609798,-0.24864931188658332,-0.25716929744934497,-0.26741960937423415,-0.2809533813899404,-0.29787430749817073,-0.3037016996880134,-0.3030183548115392,-0.2968481896088433,-0.2943111679693203,-0.2872307346393005,-0.2743254348010102,-0.26721017639686756,-0.2625268065755437,-0.259610337709221,-0.25719076056664397,-0.2543391578878031,-0.2472143622407937,-0.2390161527147114,-0.228137951767968,-0.2216850645281021,-0.22018130469601224,-0.2174970108120685
bb_width,0.001090043704108962,0.01330958771767958,0.01712422639306351,0.022016530370526373,0.029448417839314487,0.03796405843940439,0.05126842668599799,0.05947670530350107,0.062419780709951966,0.06601100130942801,0.0736225994313871,0.08183721526488234,0.08912514133009705,0.09498271277024384,0.1013538175779646,0.10476532608814766,0.1058424037172813,0.10813726449537708,0.11327855039465912,0.1195341312122614,0.12474170291982721,0.1328528577425444,0.14136472154294158,0.14823143256674218,0.15179432285137834,0.154348570832393,0.15372088828988043,0.15186362771225512,0.1493806996202707,0.14511781631635673
atr_pct,-0.020506509902441863,-0.017208483782590052,-0.024954628356764524,-0.030570055833008557,-0.035638100110662194,-0.036112325555869004,-0.0251045231001278,-0.013995454578498259,-0.004758972523837691,0.005391128421792571,0.014441136443676637,0.021974650316483952,0.02978069952117194,0.03644856575435118,0.04583717369253023,0.05497393040607092,0.06509586331866957,0.07068673950614487,0.07451570639756643,0.07492151193503473,0.07554435278352267,0.0769358908039367,0.0778444917327997,0.07327082511937888,0.06985923452008154,0.07067409062992977,0.07166726294307052,0.07323679415992017,0.07074462102120396,0.06532825176636957
hv_20,0.00791223244034823,0.018666339711138298,0.02185489585191728,0.028817014812457707,0.03715393155138938,0.045719069496520534,0.06188421096922234,0.07620668088761302,0.09245840945602186,0.10221856533881815,0.10903613088867087,0.11650732011469077,0.11915160575351812,0.11779720653705895,0.12404000379247071,0.12949157126150193,0.13391061671747026,0.13959171310578522,0.14458300489419898,0.14817295849182793,0.15138001457684913,0.1547933444590998,0.15757227095744433,0.15517731129626924,0.14876955606544578,0.1428302690080764,0.13942731829985974,0.1341656828373627,0.12830206284204,0.12526617987953237
vol_ratio,-0.013566192093439882,-0.011170003699767391,-0.02417010653564139,-0.034488737496753574,-0.013029869984103399,-0.026458188483774576,-0.030743921881344182,-0.020720119140947856,-0.019728202710849303,-0.019179796935386278,-0.028294220687819664,-0.016562315867942722,0.0030714681244416535,-0.011370665103212338,-0.0038741672594802957,0.0039164606703207365,0.005658588576458913,0.008890360457750024,0.0027816158247668103,-0.005585337132201288,-0.01618218863813952,-0.02885523441030719,-0.015246496678939908,-0.0021868866172011516,-0.004652687985683753,0.008194816795752171,0.00026438230147818396,0.004365027027337665,-0.002314524382511025,-0.0028481694206805106
obv_slope,-0.04188842384515637,-0.0591089481485567,-0.0688555662842256,-0.0729311087809634,-0.08346769570851952,-0.09983244580152519,-0.11286180158036153,-0.12589750471055772,-0.1430321896784073,-0.1599891164966719,-0.17384262844443793,-0.18398112479020107,-0.1917801109102633,-0.19631098813826323,-0.19927594172583746,-0.19919092486362058,-0.2035477395050243,-0.20456406621636566,-0.1987328113852504,-0.19188019121246927,-0.19099238522217712,-0.18728128990236484,-0.17801976089321156,-0.1709722593408827,-0.16126419189226798,-0.1489388608918487,-0.13645769619895656,-0.12647691278925483,-0.12394233931005941,-0.1252173130602346
mfi_14,-0.07554325980733388,-0.10874976635019702,-0.13460072628014608,-0.15221737839058555,-0.16757890064707429,-0.1745041758293908,-0.17969495751964482,-0.18598564414050955,-0.19470205481502484,-0.19927139083035988,-0.20495477037852372,-0.21314622400948116,-0.22143987770062754,-0.22317693074551556,-0.22398699852031076,-0.22380081544680108,-0.2210126152055516,-0.20967237911753098,-0.19749407103648964,-0.18942015004685087,-0.18796434802041426,-0.18411989826922212,-0.17978720455620129,-0.17908910415710155,-0.17282786941507294,-0.1642485417230275,-0.15813898289423797,-0.1534028571654135,-0.1533716863462473,-0.15316032749891897
cmf_20,-0.09641379118859394,-0.12748070310729734,-0.15743325896741317,-0.1761118970808294,-0.18651822750549937,-0.20018296640815836,-0.21547343709732728,-0.22545106647732824,-0.23440502627908483,-0.2385439708486233,-0.2385666834853471,-0.2382027678954041,-0.24140238230955777,-0.23757158094126368,-0.23401114611398782,-0.22848737198773442,-0.2244629053758444,-0.22197123254656767,-0.21408439379725003,-0.21038349935465467,-0.2129226317565574,-0.21302908833790193,-0.2161996337804929,-0.21694507841354554,-0.21272816862309096,-0.2057303543785801,-0.20231201019608228,-0.19927015825756303,-0.19819687006814204,-0.1966505267611171
force_idx_13,-0.09547551244576576,-0.14205470176126003,-0.16923732702947386,-0.1899263341424571,-0.20055014080583014,-0.21554179199169637,-0.22811216519959232,-0.24501024778823022,-0.26250906918540656,-0.27105482566540107,-0.28368715527153326,-0.2969414130852052,-0.31698157279499123,-0.3278392503979072,-0.3320854855296772,-0.3295828661515856,-0.3285241920126943,-0.3236044462867622,-0.3155373585832806,-0.3134069549149803,-0.30983846959872546,-0.30391057042990854,-0.2965390174977245,-0.2882866071136282,-0.27901878606514746,-0.2641882582960873,-0.2503042767241018,-0.2408282881042457,-0.23584867613179117,-0.22883094176335986
adx_14,0.006882087221613049,0.014482119653691438,0.021397192531317954,0.03247258412550564,0.03623407321179661,0.03965018957736944,0.04661025361969875,0.05216547475045058,0.056974398100708604,0.06035824459453249,0.06642176894294932,0.0717485389400243,0.07839341374925703,0.08423922836706171,0.08896461620607689,0.09281044280628319,0.09536109676107395,0.10214982959793804,0.1073234856538091,0.10781338638524245,0.10775561866166519,0.10612715900485117,0.10397436379100429,0.1032772060758695,0.09914715367493201,0.09515195286706318,0.09174732244871409,0.09037775697575606,0.09165161682515882,0.09066850697933627
trix_18,-0.056940028555702904,-0.08272046550670421,-0.10414790644966515,-0.11155462695003167,-0.11587443536176563,-0.11963940434920776,-0.12232233214190646,-0.12031667870785354,-0.1198164069262466,-0.1160205280258556,-0.11086323567790753,-0.10886201087829876,-0.10736958029364474,-0.10652998754659561,-0.10417788919641031,-0.10287804208579257,-0.10371371982549728,-0.104920140022647,-0.10955932746552191,-0.11306074794211471,-0.11723228229641017,-0.12230003282103194,-0.12935545970250384,-0.13718578996883357,-0.14124000327390845,-0.14306091919667036,-0.14540718772835745,-0.1500159125640551,-0.15507709969581737,-0.15489665909369435
dpo_20,-0.11608090919181115,-0.1600868370997492,-0.18950410884783644,-0.20410734040812883,-0.21744724222174766,-0.22976618159642775,-0.23943762422818254,-0.24717309330051673,-0.2561289091350949,-0.25880424722284645,-0.26174912965113284,-0.26665355469726465,-0.27270214428356754,-0.27179967496780205,-0.2649282147306126,-0.2551841700851983,-0.24877865100057847,-0.24173599753476233,-0.2327216088700243,-0.2289999416661863,-0.2272594726973107,-0.2265857532659687,-0.2269975334113843,-0.22940888896772532,-0.22580147823094374,-0.22128203039411898,-0.21577372425806884,-0.21731191426977367,-0.22377705483820573,-0.22658293034895619
trendslope_20,-0.1087920987927774,-0.13971825322094425,-0.1611333655369425,-0.17549355153378016,-0.19455753022444086,-0.2114925263504399,-0.2199922350673001,-0.22522740718971646,-0.23209742866720512,-0.2334795088667867,-0.23251684202603282,-0.22915334545629046,-0.22423918815816957,-0.21600873560406683,-0.20473196119178294,-0.19239711525931752,-0.18125438971846497,-0.16891506991280078,-0.15930915149969405,-0.15148940429299249,-0.14659373856554506,-0.14453615251336907,-0.1446621228364262,-0.14738802715876234,-0.14609735105957738,-0.14547356486435367,-0.1464094240670119,-0.15085249824599334,-0.16059026973761947,-0.1687854082481018
vwap_dev_20,-0.09762210539168696,-0.14240772965306306,-0.16836366129050664,-0.18771054928524636,-0.20209271773650592,-0.21624712113446473,-0.22983757039910752,-0.24536644791610387,-0.2583930849579502,-0.2667778898117961,-0.27525491531145235,-0.28696085157170664,-0.3004611687902913,-0.3050088186058705,-0.30353571242715016,-0.29755980956509925,-0.29524019320427725,-0.2878544786348862,-0.274036827018532,-0.26312354697191437,-0.2536202115806313,-0.24691568506032804,-0.24276542946186766,-0.24176870369972892,-0.23660286656661195,-0.2283629437079721,-0.21812252173678023,-0.2119622282555016,-0.21128999332916876,-0.21034497798379795
zscore_ret_5_20,-0.035242321645560376,-0.04602918371787265,-0.04110699660882293,-0.04731185423879905,-0.04531366161254484,-0.047981972609630025,-0.05156865893362771,-0.05542182067865709,-0.06652254327000026,-0.07928671257766493,-0.09318975418685115,-0.10881518693309647,-0.13289717959396355,-0.151985208733867,-0.15928621630195036,-0.16114911605113824,-0.16378371334519873,-0.1607051761284954,-0.15379369629559783,-0.15247075715151515,-0.1534959441934213,-0.15349915901257027,-0.14237122137507383,-0.13107770999717358,-0.12720684672561205,-0.11927752101266019,-0.10667182475791749,-0.0974150813598709,-0.08616304412566408,-0.08326019092644743
zscore_ret_10_60,-0.07596281847893359,-0.09296322058943031,-0.09942624700962138,-0.11582776983192543,-0.12989732414314392,-0.14236183415859496,-0.15282590440595628,-0.17032124808220175,-0.18904146595859586,-0.19909876247265135,-0.21045885990518567,-0.21885769772435099,-0.22896658407100062,-0.2339472318047869,-0.23420868928144079,-0.23334884412515744,-0.23692844148605452,-0.22903602539778833,-0.21593620741306924,-0.21278953937394438,-0.2065092152064022,-0.1997555433975784,-0.19097316796906663,-0.18171371877307504,-0.17726432958239818,-0.1708741767576547,-0.1594907918228004,-0.15320069039694365,-0.14814039887237934,-0.14459853354041027
ret_acf1,0.0341222977962775,0.05328673117529746,0.06082402570649509,0.053621514298781314,0.056703521342165775,0.07055335004275345,0.07992815787636214,0.08722396164653363,0.09426118762047005,0.09866808173072879,0.10069303607559076,0.10017183984751636,0.10446398727854785,0.10698127487815656,0.1102320122035338,0.11273523190607529,0.11540283420336049,0.12095198370928403,0.13124536469385412,0.1375769585714671,0.14144102593417315,0.14746488832717966,0.15392192469440122,0.1576263867473755,0.16096775857778836,0.1640071901542423,0.16891760821956833,0.1661850224780998,0.15704611566030205,0.15523154869355482
pct_52w_high,-0.0910297007398076,-0.1332055432732048,-0.16500722197449524,-0.18497809028006992,-0.19414171572775663,-0.206653474998234,-0.22376433347963465,-0.23776679387294725,-0.25013176079628835,-0.25766013405433513,-0.2653124171466375,-0.2771602371134452,-0.2876889700605042,-0.29405547499552664,-0.29800036358295695,-0.2987464006582262,-0.2987153822267689,-0.2955982168473161,-0.2924512387639056,-0.2917196437953365,-0.29388039081056455,-0.2973371960571593,-0.30231383909612897,-0.3063478628570972,-0.3064916349813743,-0.3053374700648841,-0.3052971397398405,-0.3087625586939306,-0.31186406423612434,-0.3128226514357919
pct_52w_low,-0.03579922806218728,-0.049359011620109784,-0.06631035189553013,-0.07611498611116467,-0.08265017154934841,-0.08977594994164477,-0.095636300414592,-0.09883831190882476,-0.10162503036682569,-0.10210653687114717,-0.10023109731262783,-0.10031061296991502,-0.09963813641368019,-0.09880767925623826,-0.09791985323959965,-0.09582276710448082,-0.09285601422166218,-0.08701239283914429,-0.08104493310251529,-0.07818968993379326,-0.0777420625419387,-0.07807399050034632,-0.08038560655407319,-0.08156966162282703,-0.07806514359415358,-0.07357610928415102,-0.06863170750378046,-0.06670214963006238,-0.06816499155156071,-0.06761231633012313
