entry_bar,exit_bar,direction,net_ret_pct,win
985,986,SHORT,0.23,1
987,988,SHORT,0.23,1
1007,1008,SHORT,-0.329,0
1012,1013,SHORT,-0.058,0
1030,1031,SHORT,0.117,1
1032,1033,SHORT,0.15,1
1034,1035,SHORT,0.15,1
1069,1070,SHORT,0.217,1
1071,1072,SHORT,0.216,1
1073,1074,SHORT,0.038,1
1081,1082,SHORT,0.057,1
1083,1084,SHORT,0.069,1
1085,1086,SHORT,0.519,1
1087,1088,SHORT,0.246,1
1110,1111,SHORT,-0.225,0
1120,1121,SHORT,-0.247,0
1123,1124,SHORT,-0.065,0
1130,1131,SHORT,0.246,1
1140,1141,SHORT,1.745,1
1185,1186,SHORT,0.241,1
1187,1188,SHORT,-0.012,0
1189,1190,SHORT,0.139,1
1191,1192,SHORT,0.086,1
1193,1194,SHORT,0.492,1
1206,1207,SHORT,0.016,1
1219,1220,SHORT,0.056,1
1221,1222,SHORT,0.071,1
1223,1224,SHORT,0.351,1
1270,1271,SHORT,-0.121,0
1299,1300,SHORT,0.032,1
1301,1302,SHORT,0.298,1
1303,1304,SHORT,0.082,1
1305,1306,SHORT,0.082,1
1307,1308,SHORT,-1.936,0
1315,1316,SHORT,-1.898,0
1325,1326,SHORT,-0.533,0
1363,1364,SHORT,0.685,1
1365,1366,SHORT,0.685,1
1367,1368,SHORT,-1.562,0
1395,1396,SHORT,-1.968,0
1402,1403,SHORT,-0.112,0
1406,1407,SHORT,-1.319,0
1424,1425,SHORT,-0.319,0
1448,1449,SHORT,0.448,1
1450,1451,SHORT,0.448,1
